Workbook

Sheet Instruções
B2: DE-PARA DAS 3 PESQUISAS — State of Data Brasil
B3: Tech Challenge Fase 3 — Grupo 21 — insumo para a camada Silver
B5: PARA QUE SERVE
B6: As colunas do State of Data mudam de nome entre os anos, e as opções de resposta mudam de categoria. Esta planilha é o mapa que transforma as 3 pesquisas em uma base única. É o insumo direto da camada Silver: o que estiver aqui vira código de transformação.
B8: QUEM PREENCHE O QUÊ
B9: Alê — preenche durante a EDA: tema, nome em cada ano, significado, e marca os casos onde a categoria mudou.
B10: Caio — decide as colunas de saída: nome_padrao, tipo e as regras de padronização de categoria.
B11: Se bater dúvida sobre alguma coluna, preenche mesmo assim e escreve na coluna 'observacao'. Melhor mapeado com dúvida do que não mapeado.
B13: COMO PREENCHER
B14: 1. Aba 'De-Para Colunas' — uma linha por conceito (não por coluna). Se 'Idade' aparece nos 3 anos com nomes diferentes, é UMA linha com os 3 nomes.
B15: 2. Se o conceito não existe em algum ano, deixe a célula daquele ano vazia e marque 'existe_nos_3_anos' = Não.
B16: 3. 'comparavel_no_tempo' = Parcial quando existe nos 3 anos mas a pergunta ou as opções mudaram a ponto de comparar direto distorcer o resultado.
... B20: LEGENDA
C21: Célula para preencher
C22: Linha de EXEMPLO — apague antes de preencher de verdade (os contadores abaixo já a ignoram)
B24: PAINEL DE ACOMPANHAMENTO
B25: Conceitos mapeados | G25: =COUNTA('De-Para Colunas'!G4:G500) -> 1
B26: Comparáveis nos 3 anos | G26: =COUNTIF('De-Para Colunas'!J4:J500,"Sim") -> 0
B27: Comparáveis parcialmente | G27: =COUNTIF('De-Para Colunas'!J4:J500,"Parcial") -> 1
B28: Não comparáveis no tempo | G28: =COUNTIF('De-Para Colunas'!J4:J500,"Não") -> 0
B29: Campos com mudança de categoria | G29: =COUNTIF('De-Para Colunas'!K4:K500,"Sim") -> 1
B30: Valores mapeados na aba de categorias | G30: =COUNTA('De-Para Categorias'!D4:D2000) -> 1
B32: Fonte da base: https://www.kaggle.com/datahackers/datasets · As 3 pesquisas mais recentes, conforme exigido no enunciado do Tech Challenge.

Sheet De-Para Colunas
A1: DE-PARA DE COLUNAS — uma linha por conceito, não por coluna
A3: id | B3: tema | C3: nome_2021 | D3: nome_2022 | E3: nome_2023 | F3: significado | G3: nome_padrao | H3: tipo | I3: existe_nos_3_anos | J3: comparavel_no_tempo | K3: categorias_mudaram | L3: pergunta_negocio | M3: observacao
A4: 1 | B4: Remuneração | C4: ('P2_h ', 'Faixa salarial') | D4: ('P2_h ', 'Faixa salarial') | E4: ('P2_h ', 'Faixa salarial') | F4: Faixa de salário mensal bruto declarada pelo respondente | G4: faixa_salarial | H4: categoria | I4: Sim | J4: Parcial | K4: Sim | L4: 1 | M4: EXEMPLO — confira o nome real no arquivo de cada ano. Os cortes de faixa mudaram entre as pesquisas: padronizar antes de comparar.
A5: =IF(COUNTA(B5:F5)=0,"",ROW()-3)
A6: =IF(COUNTA(B6:F6)=0,"",ROW()-3)
A7: =IF(COUNTA(B7:F7)=0,"",ROW()-3)
A8: =IF(COUNTA(B8:F8)=0,"",ROW()-3)
A9: =IF(COUNTA(B9:F9)=0,"",ROW()-3)
A10: =IF(COUNTA(B10:F10)=0,"",ROW()-3)
A11: =IF(COUNTA(B11:F11)=0,"",ROW()-3)
A12: =IF(COUNTA(B12:F12)=0,"",ROW()-3)
A13: =IF(COUNTA(B13:F13)=0,"",ROW()-3)
A14: =IF(COUNTA(B14:F14)=0,"",ROW()-3)
A15: =IF(COUNTA(B15:F15)=0,"",ROW()-3)
A16: =IF(COUNTA(B16:F16)=0,"",ROW()-3)
... A200: =IF(COUNTA(B200:F200)=0,"",ROW()-3)

Sheet De-Para Categorias
A1: DE-PARA DE CATEGORIAS — só para os campos marcados com categorias_mudaram = Sim
A2: Uma linha por valor de resposta, por ano. 'ordem' serve para faixas que precisam ser ordenadas no gráfico (1 = menor).
A3: id | B3: nome_padrao | C3: ano | D3: valor_original | E3: valor_padrao | F3: ordem | G3: observacao
A4: 1 | B4: faixa_salarial | C4: 2021 | D4: de R$ 4.001/mês a R$ 6.000/mês | E4: R$ 4.001 - R$ 6.000 | F4: 4 | G4: EXEMPLO — apague. Se um ano usa cortes diferentes, agrupe na faixa mais próxima e registre aqui a decisão.
A5: =IF(COUNTA(B5:E5)=0,"",ROW()-3)
A6: =IF(COUNTA(B6:E6)=0,"",ROW()-3)
A7: =IF(COUNTA(B7:E7)=0,"",ROW()-3)
A8: =IF(COUNTA(B8:E8)=0,"",ROW()-3)
A9: =IF(COUNTA(B9:E9)=0,"",ROW()-3)
A10: =IF(COUNTA(B10:E10)=0,"",ROW()-3)
A11: =IF(COUNTA(B11:E11)=0,"",ROW()-3)
A12: =IF(COUNTA(B12:E12)=0,"",ROW()-3)
A13: =IF(COUNTA(B13:E13)=0,"",ROW()-3)
A14: =IF(COUNTA(B14:E14)=0,"",ROW()-3)
A15: =IF(COUNTA(B15:E15)=0,"",ROW()-3)
A16: =IF(COUNTA(B16:E16)=0,"",ROW()-3)
... A600: =IF(COUNTA(B600:E600)=0,"",ROW()-3)
